旅宿名稱	來源	Google地圖評分
漫步綠洲旅店	臺北旅遊網住宿資料	4.6
?朗旅宿	臺北旅遊網住宿資料	查無資料
晶棧行旅	臺北旅遊網住宿資料	4.5
茶色部屋行旅 站前館	臺北旅遊網住宿資料	查無資料
合洋背包客棧	臺北旅遊網住宿資料	3.6
在家行旅南西館	臺北旅遊網住宿資料	查無資料
雀客藏居台北內湖	臺北旅遊網住宿資料	查無資料
鉑泊客2館	臺北旅遊網住宿資料	4.2
太子文旅-修齊館	臺北旅遊網住宿資料	4.5
美好行旅北車漢口館	臺北旅遊網住宿資料	4.4
古奈堡精品旅館	臺北旅遊網住宿資料	4.1
臺北嘉佩樂酒店 Capella Taipei	臺北旅遊網住宿資料	4.8
捷絲旅臺大尊賢館	臺北旅遊網住宿資料	4.6
天雲旅棧台北開封	臺北旅遊網住宿資料	4.4
樂爾公寓	臺北旅遊網住宿資料	4.6
貓尾口袋（西門館）	臺北旅遊網住宿資料	4.8
北投晶泉丰旅	臺北旅遊網住宿資料	4.9
享住青旅	臺北旅遊網住宿資料	4.7
大光瀛商旅	臺北旅遊網住宿資料	查無資料
日光樂居成都館	臺北旅遊網住宿資料	4.1
頭等艙飯店西門館	臺北旅遊網住宿資料	查無資料
梧邸酒店台北杭州	臺北旅遊網住宿資料	4.2
台北大安伊普索酒店	臺北旅遊網住宿資料	4.4
美好行旅	臺北旅遊網住宿資料	查無資料
金通商旅	臺北旅遊網住宿資料	查無資料
日初青旅	臺北旅遊網住宿資料	4.8
藝築文旅昆明館	臺北旅遊網住宿資料	3
豐宿創新壹旅	臺北旅遊網住宿資料	查無資料
歐法行旅	臺北旅遊網住宿資料	3.8
美好境界旅店	臺北旅遊網住宿資料	4.3
福泰桔子商務旅館西門漢中店	臺北旅遊網住宿資料	查無資料
瀚寓夏天	臺北旅遊網住宿資料	4.8
日光樂居	臺北旅遊網住宿資料	4.1
客憩旅宿	臺北旅遊網住宿資料	4
天閣酒店(台北林森)	臺北旅遊網住宿資料	查無資料
相鐵飯店台北西門	臺北旅遊網住宿資料	4.7
柯達大飯店台北南京	臺北旅遊網住宿資料	4.3
台北漢來大飯店	臺北旅遊網住宿資料	4.5
福華國際文教會館	臺北旅遊網住宿資料	4.2
家美瑞品 台北	臺北旅遊網住宿資料	4.1
宏洲旅社	臺北旅遊網住宿資料	4.5
金弘旅社	臺北旅遊網住宿資料	3.5
西門雲町旅店	臺北旅遊網住宿資料	查無資料
台灣西鐵國際旅館	臺北旅遊網住宿資料	4.6
成都壹壹壹商旅	臺北旅遊網住宿資料	查無資料
摩莎曼拉商務旅館-西門館	臺北旅遊網住宿資料	3.5
全界精品旅館	臺北旅遊網住宿資料	
陸號行旅西門館	臺北旅遊網住宿資料	3.6
慶爾喜旅館西門捷運館2.4	臺北旅遊網住宿資料	2.4
見潭璞旅	臺北旅遊網住宿資料	4.3
天母之星商務會館	臺北旅遊網住宿資料	4.3
台北棧	臺北旅遊網住宿資料	4.3
番茄行旅	臺北旅遊網住宿資料	4.9
台北西門窩青年旅館	臺北旅遊網住宿資料	3.8
珂曼旅館	臺北旅遊網住宿資料	4.5
葛瑞絲商旅敦北館	臺北旅遊網住宿資料	4.4
米窩飯店-松山	臺北旅遊網住宿資料	4
陸號行旅中華館	臺北旅遊網住宿資料	查無資料
苓旅旅館萬年館	臺北旅遊網住宿資料	3.6
慕誠行旅	臺北旅遊網住宿資料	4.3
侘侘行旅	臺北旅遊網住宿資料	查無資料
希爾商旅台北館	臺北旅遊網住宿資料	查無資料
雀客快捷台北永康	臺北旅遊網住宿資料	4.5
米窩飯店-站前	臺北旅遊網住宿資料	查無資料
喜園旅館	臺北旅遊網住宿資料	3.1
北投會館-北捷行旅	臺北旅遊網住宿資料	4.6
城市商旅北門二館	臺北旅遊網住宿資料	4
安捷國際公寓酒店	臺北旅遊網住宿資料	4.3
陸號行旅萬年館	臺北旅遊網住宿資料	3.9
星西門行旅	臺北旅遊網住宿資料	3.9
寒居酒店 Humble Boutique Hotel	臺北旅遊網住宿資料	4.6
日野苑	臺北旅遊網住宿資料	4.3
城市商旅德立莊二館	臺北旅遊網住宿資料	查無資料
雅齊旅館	臺北旅遊網住宿資料	4.6
雀客藏居台北南港	臺北旅遊網住宿資料	4.2
時尚居商旅	臺北旅遊網住宿資料	4.7
森浩文旅-STEP INN	臺北旅遊網住宿資料	4.5
承攜行旅台北八德館	臺北旅遊網住宿資料	4.3
漢普頓酒店	臺北旅遊網住宿資料	4.7
格拉斯麗台北飯店	臺北旅遊網住宿資料	4.5
藝築文旅台北站前館	臺北旅遊網住宿資料	4.1
JR東日本大飯店台北	臺北旅遊網住宿資料	4.5
和苑三井花園飯店 台北忠孝	臺北旅遊網住宿資料	4.5
路徒PLUS行旅-站前館	臺北旅遊網住宿資料	查無資料
米窩飯店-西門	臺北旅遊網住宿資料	4.1
悅心旅	臺北旅遊網住宿資料	4.5
聖雄商旅	臺北旅遊網住宿資料	查無資料
趣西門旅店	臺北旅遊網住宿資料	3.3
慶爾喜旅館	臺北旅遊網住宿資料	查無資料
在家行旅	臺北旅遊網住宿資料	4.6
柯達大飯店台北林森	臺北旅遊網住宿資料	4.6
旅城驛鎮	臺北旅遊網住宿資料	4.8
瑞絲逸旅店	臺北旅遊網住宿資料	4.1
大欣大飯店	臺北旅遊網住宿資料	3.7
大湖璞旅	臺北旅遊網住宿資料	4.5
豪城商旅民生館	臺北旅遊網住宿資料	4.8
玉璽精品飯店	臺北旅遊網住宿資料	3.8
雀客旅館台北站前	臺北旅遊網住宿資料	4.3
盤古捷旅	臺北旅遊網住宿資料	4.4
白色空間設計旅店	臺北旅遊網住宿資料	
路徒PLUS行旅-主題館	臺北旅遊網住宿資料	
台北時代寓所	臺北旅遊網住宿資料	
百樂匯大飯店	臺北旅遊網住宿資料	
晴悅旅店	臺北旅遊網住宿資料	
旅家雅舍	臺北旅遊網住宿資料	
所在行旅	臺北旅遊網住宿資料	
同一大飯店	臺北旅遊網住宿資料	
美亞商旅	臺北旅遊網住宿資料	
天閣酒店台北士林	臺北旅遊網住宿資料	
日好青旅	臺北旅遊網住宿資料	
藝築文旅開封館	臺北旅遊網住宿資料	
野趣光延旅館	臺北旅遊網住宿資料	
和旅瓏旅館西門館	臺北旅遊網住宿資料	
町記憶旅店3館	臺北旅遊網住宿資料	
配普特行旅	臺北旅遊網住宿資料	
台北大直英迪格酒店	臺北旅遊網住宿資料	
瀚寓酒店	臺北旅遊網住宿資料	
MVSA 慕舍酒店	臺北旅遊網住宿資料	
天雲旅棧台北中山	臺北旅遊網住宿資料	
華達大飯店	臺北旅遊網住宿資料	
城市商旅站前館	臺北旅遊網住宿資料	
日光拾玖	臺北旅遊網住宿資料	
甲山林湯旅JSL hotel	臺北旅遊網住宿資料	
丹居青旅	臺北旅遊網住宿資料	
小角落旅店	臺北旅遊網住宿資料	
門草行旅	臺北旅遊網住宿資料	
野趣旅舍 T.O.HOTEL	臺北旅遊網住宿資料	
玩行旅 台北館	臺北旅遊網住宿資料	
南港老爺行旅	臺北旅遊網住宿資料	
碩城文旅	臺北旅遊網住宿資料	
金普頓大安酒店	臺北旅遊網住宿資料	
晶城青年旅館	臺北旅遊網住宿資料	
松河璞旅	臺北旅遊網住宿資料	
幸福蘋果旅店	臺北旅遊網住宿資料	
109 Inn Taipei 台北109旅店	臺北旅遊網住宿資料	
雅璞文旅	臺北旅遊網住宿資料	
美侖商旅	臺北旅遊網住宿資料	
艾爾行旅	臺北旅遊網住宿資料	
台北中山九昱希爾頓逸林酒店	臺北旅遊網住宿資料	
天閣酒店台北劍潭	臺北旅遊網住宿資料	
凱旋酒店	臺北旅遊網住宿資料	
台北國泰萬怡酒店	臺北旅遊網住宿資料	
漫步1948	臺北旅遊網住宿資料	
門埕青旅	臺北旅遊網住宿資料	
皇家玫瑰旅館新生館	臺北旅遊網住宿資料	
九昱晴美	臺北旅遊網住宿資料	
正是旅館	臺北旅遊網住宿資料	
拉開門輕旅	臺北旅遊網住宿資料	
沃客汽車旅館	臺北旅遊網住宿資料	
懷特豪斯青年旅舍	臺北旅遊網住宿資料	
義華酒店	臺北旅遊網住宿資料	
五月家青旅 北車館	臺北旅遊網住宿資料	
陽明山美國渡假村	臺北旅遊網住宿資料	
宜家居商旅	臺北旅遊網住宿資料	
城鄉旅坊台北	臺北旅遊網住宿資料	
天成文旅 華山町	臺北旅遊網住宿資料	
台北士林萬麗酒店	臺北旅遊網住宿資料	
果芒驛站旅店	臺北旅遊網住宿資料	
福爾摩莎北驛旅館	臺北旅遊網住宿資料	
苓旅松山小巨蛋館	臺北旅遊網住宿資料	
台北宿之酒店．臻品之選	臺北旅遊網住宿資料	
米窩飯店-大安	臺北旅遊網住宿資料	
吉泰旅店	臺北旅遊網住宿資料	
木文陶喜時尚旅館	臺北旅遊網住宿資料	
謙匯普樂室行旅	臺北旅遊網住宿資料	
台北五號商旅	臺北旅遊網住宿資料	
睡覺盒子旅館	臺北旅遊網住宿資料	
泊居旅店	臺北旅遊網住宿資料	
慶爾喜旅館長沙一館	臺北旅遊網住宿資料	
慶爾喜旅館長沙二館	臺北旅遊網住宿資料	
城市商旅 北門館	臺北旅遊網住宿資料	
智慧環境會館-菁山遊憩區	臺北旅遊網住宿資料	
合星旅館	臺北旅遊網住宿資料	
和昌商務旅館台北西門館	臺北旅遊網住宿資料	
漫映旅舍	臺北旅遊網住宿資料	
南陽街壹號旅店	臺北旅遊網住宿資料	
富裕自由旅店林森館	臺北旅遊網住宿資料	
儷客旅店-站前店	臺北旅遊網住宿資料	
文舺行旅	臺北旅遊網住宿資料	
阿樹國際旅店	臺北旅遊網住宿資料	
台北這地方微旅店	臺北旅遊網住宿資料	
台灣柒天精品旅店	臺北旅遊網住宿資料	
謙商旅(谷墨商旅-師大館)	臺北旅遊網住宿資料	
台北臥客旅店	臺北旅遊網住宿資料	
凱達大飯店	臺北旅遊網住宿資料	
旅樂序精品旅館五館	臺北旅遊網住宿資料	
亞太飯店 北投館	臺北旅遊網住宿資料	
美好行旅北車重慶館	臺北旅遊網住宿資料	
台北中山雅樂軒酒店	臺北旅遊網住宿資料	
皇家玫瑰旅館 雙城館	臺北旅遊網住宿資料	
世民酒店台北北門	臺北旅遊網住宿資料	
旅晨行旅	臺北旅遊網住宿資料	
町記憶旅店2館	臺北旅遊網住宿資料	
尚美精旅	臺北旅遊網住宿資料	
柯達大飯店 台北長安	臺北旅遊網住宿資料	
愛玩客旅店	臺北旅遊網住宿資料	
陽光士林珮柏旅館	臺北旅遊網住宿資料	
洛碁大飯店南港館	臺北旅遊網住宿資料	
樂山水靜旅館 OrigInn	臺北旅遊網住宿資料	
東旅	臺北旅遊網住宿資料	
錦棧商旅	臺北旅遊網住宿資料	
瑪奇商務旅店	臺北旅遊網住宿資料	
東驛 E-HOUSE	臺北旅遊網住宿資料	
柯達大飯店台北天津	臺北旅遊網住宿資料	
台北北投雅樂軒酒店	臺北旅遊網住宿資料	
旅樂序精品旅館二館	臺北旅遊網住宿資料	
東門3號膠囊旅店	臺北旅遊網住宿資料	
皇后旅店二館	臺北旅遊網住宿資料	
朗司旅館	臺北旅遊網住宿資料	
仲信大湖商旅	臺北旅遊網住宿資料	
台灣青旅	臺北旅遊網住宿資料	
夾腳拖的家長安122	臺北旅遊網住宿資料	
涪美飯店	臺北旅遊網住宿資料	
在家行旅西門館	臺北旅遊網住宿資料	
進綵商旅	臺北旅遊網住宿資料	
帛堯初見輕旅	臺北旅遊網住宿資料	
大安公園旅店	臺北旅遊網住宿資料	
禾裕 北車	臺北旅遊網住宿資料	
卡夫人背包客棧	臺北旅遊網住宿資料	
碩美精品飯店	臺北旅遊網住宿資料	
城市商旅昆明館（HOTEL PAPA WHALE）	臺北旅遊網住宿資料	
詩漫精品旅館	臺北旅遊網住宿資料	
斯格加旅店	臺北旅遊網住宿資料	
台北北門窩泊旅	臺北旅遊網住宿資料	
旅城驛鎮南京二館	臺北旅遊網住宿資料	
背包棧旅店-台北長春店	臺北旅遊網住宿資料	
洛碁大飯店忠孝館	臺北旅遊網住宿資料	
漫旅時光	臺北旅遊網住宿資料	
旅樂序精品旅館三館	臺北旅遊網住宿資料	
路徒行旅-中華館	臺北旅遊網住宿資料	
日日吉旅店	臺北旅遊網住宿資料	
楓?微笑會館	臺北旅遊網住宿資料	
洛碁大飯店松山館	臺北旅遊網住宿資料	
綺樂文旅 開封館	臺北旅遊網住宿資料	
趣旅館•林森館	臺北旅遊網住宿資料	
台北松山意舍酒店	臺北旅遊網住宿資料	
寧夏2號旅店	臺北旅遊網住宿資料	
米尼旅店	臺北旅遊網住宿資料	
丰居旅店北車館	臺北旅遊網住宿資料	
清翼居旅店采風館	臺北旅遊網住宿資料	
禾順行旅	臺北旅遊網住宿資料	
麗之湯別館	臺北旅遊網住宿資料	
西門希爾商旅	臺北旅遊網住宿資料	
丰居旅店忠孝館	臺北旅遊網住宿資料	
姆提文創旅店	臺北旅遊網住宿資料	
怡品商旅	臺北旅遊網住宿資料	
台北天晴旅店	臺北旅遊網住宿資料	
峻美精旅	臺北旅遊網住宿資料	
天雲旅棧台北基河	臺北旅遊網住宿資料	
方舟旅店 長安復興	臺北旅遊網住宿資料	
藝宿商旅	臺北旅遊網住宿資料	
天使青旅	臺北旅遊網住宿資料	
能量旅店	臺北旅遊網住宿資料	
家賓大旅社	臺北旅遊網住宿資料	
洛碁大飯店南京館	臺北旅遊網住宿資料	
甄美精品商旅	臺北旅遊網住宿資料	
沃客商旅-西門館	臺北旅遊網住宿資料	
壹零壹艾美琪旅店	臺北旅遊網住宿資料	
台北美福大飯店	臺北旅遊網住宿資料	
台北六福萬怡酒店	臺北旅遊網住宿資料	
福爾摩莎壹零壹旅館	臺北旅遊網住宿資料	
二十輪旅店大安店	臺北旅遊網住宿資料	
台北發現青年旅舍	臺北旅遊網住宿資料	
約克旅店	臺北旅遊網住宿資料	
鉑泊客	臺北旅遊網住宿資料	
町記憶旅店	臺北旅遊網住宿資料	
城市商旅德立莊分館	臺北旅遊網住宿資料	
雀客旅館台北南京	臺北旅遊網住宿資料	
清翼居旅店童話館	臺北旅遊網住宿資料	
賦樂旅居	臺北旅遊網住宿資料	
艾特文旅	臺北旅遊網住宿資料	
浩室物業1館	臺北旅遊網住宿資料	
三二行館	臺北旅遊網住宿資料	
東楓商旅	臺北旅遊網住宿資料	
台北萬豪酒店	臺北旅遊網住宿資料	
朵兒旅館	臺北旅遊網住宿資料	
新驛旅店復興北路店	臺北旅遊網住宿資料	
北門臥客青年旅舍	臺北旅遊網住宿資料	
綺樂文旅 康定館	臺北旅遊網住宿資料	
?美精旅	臺北旅遊網住宿資料	
小公館人文旅舍	臺北旅遊網住宿資料	
台北中山意舍酒店	臺北旅遊網住宿資料	
互舍商旅台北館	臺北旅遊網住宿資料	
品格子旅店西門館	臺北旅遊網住宿資料	
天閣酒店台北復興	臺北旅遊網住宿資料	
豪景大酒店新館	臺北旅遊網住宿資料	
承攜行旅台北復北館	臺北旅遊網住宿資料	
瘋台北青旅	臺北旅遊網住宿資料	
沃田旅店	臺北旅遊網住宿資料	
凡登商旅●二館	臺北旅遊網住宿資料	
松哖酒店	臺北旅遊網住宿資料	
北投老爺酒店	臺北旅遊網住宿資料	
誠品行旅	臺北旅遊網住宿資料	
思泊客	臺北旅遊網住宿資料	
洛碁大飯店驛	臺北旅遊網住宿資料	
皇家玫瑰旅館西門館	臺北旅遊網住宿資料	
首都大飯店松山館	臺北旅遊網住宿資料	
有誠商旅	臺北旅遊網住宿資料	
拾光行旅	臺北旅遊網住宿資料	
千彩格精品旅店　	臺北旅遊網住宿資料	
昇美精旅	臺北旅遊網住宿資料	
信星旅館	臺北旅遊網住宿資料	
卡樂町旅店	臺北旅遊網住宿資料	
安庭澔思青年旅舍	臺北旅遊網住宿資料	
雀客旅館　	臺北旅遊網住宿資料	
大地清旅	臺北旅遊網住宿資料	
台北文華東方酒店	臺北旅遊網住宿資料	
昌亞旅館	臺北旅遊網住宿資料	
皇家玫瑰旅館站前館	臺北旅遊網住宿資料	
儷夏旅館-西寧館	臺北旅遊網住宿資料	
台北漫步旅店	臺北旅遊網住宿資料	
洛碁大飯店中華館	臺北旅遊網住宿資料	
復新文旅	臺北旅遊網住宿資料	
台北慕軒飯店，臻品之選	臺北旅遊網住宿資料	
途中•台北國際青年旅舍	臺北旅遊網住宿資料	
龍蝦先生的秘密巢穴	臺北旅遊網住宿資料	
旅樂序精品旅館	臺北旅遊網住宿資料	
蜂巢 Bee House	臺北旅遊網住宿資料	
丰居旅店雙連館	臺北旅遊網住宿資料	
方舟旅店	臺北旅遊網住宿資料	
酩月大飯店	臺北旅遊網住宿資料	
明星大飯店	臺北旅遊網住宿資料	
橙舍青年旅館（臺北二館）	臺北旅遊網住宿資料	
台北艾麗酒店	臺北旅遊網住宿資料	
皇家玫瑰旅館中山館	臺北旅遊網住宿資料	
和逸 台北忠孝館	臺北旅遊網住宿資料	
路境行旅-府前館	臺北旅遊網住宿資料	
品格子旅店	臺北旅遊網住宿資料	
尚印旅店-二?	臺北旅遊網住宿資料	
華泰瑞舍	臺北旅遊網住宿資料	
謙商旅-東門館	臺北旅遊網住宿資料	
和逸．台北民生館	臺北旅遊網住宿資料	
大師會館國際酒店	臺北旅遊網住宿資料	
老爺會館台北林森	臺北旅遊網住宿資料	
意芙旅店	臺北旅遊網住宿資料	
三隻老虎青年旅館	臺北旅遊網住宿資料	
柯達大飯店台北松江	臺北旅遊網住宿資料	
西悠巢旅台北館	臺北旅遊網住宿資料	
東驛商務旅館	臺北旅遊網住宿資料	
天閣酒店(台北長安)	臺北旅遊網住宿資料	
富裕自由商旅	臺北旅遊網住宿資料	
福泰桔子商務旅館西門店	臺北旅遊網住宿資料	
台北馥華商旅敦北館	臺北旅遊網住宿資料	
儷夏商旅	臺北旅遊網住宿資料	
台糖台北會館	臺北旅遊網住宿資料	
WESTGATE HOTEL 永安棧	臺北旅遊網住宿資料	
北投天玥泉溫泉會館	臺北旅遊網住宿資料	
世方旅居文旅	臺北旅遊網住宿資料	
東棧商務旅店	臺北旅遊網住宿資料	
新麗旅店	臺北旅遊網住宿資料	
西門邑居自由旅行會館	臺北旅遊網住宿資料	
長弘時尚旅店	臺北旅遊網住宿資料	
俞美飯店	臺北旅遊網住宿資料	
尚印旅店	臺北旅遊網住宿資料	
洛碁大飯店建北館	臺北旅遊網住宿資料	
橙舍背包客國際青年旅館	臺北旅遊網住宿資料	
六福居	臺北旅遊網住宿資料	
西門星辰大飯店	臺北旅遊網住宿資料	
西門星辰精典大飯店	臺北旅遊網住宿資料	
大倉久和大飯店	臺北旅遊網住宿資料	
承攜行旅台北信義館	臺北旅遊網住宿資料	
洛碁大飯店舞衣南京館	臺北旅遊網住宿資料	
薆悅酒店	臺北旅遊網住宿資料	
台北世聯商旅	臺北旅遊網住宿資料	
香樹花園酒店	臺北旅遊網住宿資料	
西門航棧旅館	臺北旅遊網住宿資料	
瑞沂國際飯店	臺北旅遊網住宿資料	
台北西門町意舍酒店	臺北旅遊網住宿資料	
銀座飯店	臺北旅遊網住宿資料	
富驛時尚酒店　	臺北旅遊網住宿資料	
二十輪旅店	臺北旅遊網住宿資料	
璞漣商務旅館西門店	臺北旅遊網住宿資料	
柯達大飯店敦南店	臺北旅遊網住宿資料	
探索汽車旅館延平館	臺北旅遊網住宿資料	
意寬精品旅館 HOME HOTEL	臺北旅遊網住宿資料	
洛碁大飯店林森館	臺北旅遊網住宿資料	
雀客快捷台北車站	臺北旅遊網住宿資料	
雀客旅館台北內湖	臺北旅遊網住宿資料	
北投麗禧溫泉酒店	臺北旅遊網住宿資料	
城市商旅南東館	臺北旅遊網住宿資料	
台北W飯店	臺北旅遊網住宿資料	
天閣酒店(台北南西)	臺北旅遊網住宿資料	
台北馥華商旅南港館	臺北旅遊網住宿資料	
日勝生加賀屋國際溫泉飯店	臺北旅遊網住宿資料	
台北寒舍艾美酒店	臺北旅遊網住宿資料	
雀客旅館台北信義	臺北旅遊網住宿資料	
新驛旅店西門捷運店	臺北旅遊網住宿資料	
立德北投溫泉飯店	臺北旅遊網住宿資料	
新驛旅店台北車站三館	臺北旅遊網住宿資料	
金都精緻溫泉飯店	臺北旅遊網住宿資料	
台北花園大酒店	臺北旅遊網住宿資料	
玩行旅 大安分館	臺北旅遊網住宿資料	
台北君品大酒店	臺北旅遊網住宿資料	
西門大飯店西寧館	臺北旅遊網住宿資料	
鼎正國際商務旅館	臺北旅遊網住宿資料	
臺北車站智選假日酒店	臺北旅遊網住宿資料	
探索汽車旅館南港館	臺北旅遊網住宿資料	
捷絲旅西門町店	臺北旅遊網住宿資料	
士林町旅店	臺北旅遊網住宿資料	
台北馥華商旅	臺北旅遊網住宿資料	
沐蘭精品旅館	臺北旅遊網住宿資料	
正二旅館	臺北旅遊網住宿資料	
薇閣精品旅館	臺北旅遊網住宿資料	
璽愛旅店	臺北旅遊網住宿資料	
宜津美侖大飯店	臺北旅遊網住宿資料	
皇家季節酒店2館	臺北旅遊網住宿資料	
新舍商旅-林森館	臺北旅遊網住宿資料	
福容大飯店 台北一館	臺北旅遊網住宿資料	
柔美商旅	臺北旅遊網住宿資料	
小王子甜蜜旅店	臺北旅遊網住宿資料	
東鑫商務旅館	臺北旅遊網住宿資料	
采舍精品旅館	臺北旅遊網住宿資料	
富逸旅趣-北車開封館	臺北旅遊網住宿資料	
宏都金殿大飯店	臺北旅遊網住宿資料	
神旺商務酒店	臺北旅遊網住宿資料	
台北青年國際旅館	臺北旅遊網住宿資料	
華弘怡亨酒店	臺北旅遊網住宿資料	
山水樂會館	臺北旅遊網住宿資料	
山樂溫泉	臺北旅遊網住宿資料	
寶格利時尚旅館	臺北旅遊網住宿資料	
東門大旅社	臺北旅遊網住宿資料	
苓旅旅館中山館	臺北旅遊網住宿資料	
友徠精品旅館	臺北旅遊網住宿資料	
維多麗亞酒店	臺北旅遊網住宿資料	
金來商旅	臺北旅遊網住宿資料	
溫拿旅館	臺北旅遊網住宿資料	
香城大飯店豪悅分店	臺北旅遊網住宿資料	
茹曦酒店	臺北旅遊網住宿資料	
伊倫商務旅館	臺北旅遊網住宿資料	
天閣酒店台北信義	臺北旅遊網住宿資料	
凱微精品旅館	臺北旅遊網住宿資料	
馥麗精品旅館	臺北旅遊網住宿資料	
丹迪旅店-天母店	臺北旅遊網住宿資料	
美麗信花園酒店	臺北旅遊網住宿資料	
皇家季節酒店1館	臺北旅遊網住宿資料	
萬事達旅店(中華店)	臺北旅遊網住宿資料	
喜瑞飯店	臺北旅遊網住宿資料	
印石時尚旅館	臺北旅遊網住宿資料	
情覓汽車旅館	臺北旅遊網住宿資料	
太平洋商旅	臺北旅遊網住宿資料	
富園國際商務飯店	臺北旅遊網住宿資料	
高雅賓館	臺北旅遊網住宿資料	
芝山璞旅	臺北旅遊網住宿資料	
城市商旅-台北南西館	臺北旅遊網住宿資料	
貴族商務旅館	臺北旅遊網住宿資料	
豪贊旅店	臺北旅遊網住宿資料	
旅居文旅中山館	臺北旅遊網住宿資料	
雅柏精緻旅館	臺北旅遊網住宿資料	
享住旅店 Just Live Inn	臺北旅遊網住宿資料	
洛碁大飯店慶天閣	臺北旅遊網住宿資料	
鴨川旅館	臺北旅遊網住宿資料	
水美溫泉會館	臺北旅遊網住宿資料	
台北國際飯店	臺北旅遊網住宿資料	
晶樺商務旅店	臺北旅遊網住宿資料	
台北商旅慶城館	臺北旅遊網住宿資料	
華大HOTEL	臺北旅遊網住宿資料	
台北馥敦飯店	臺北旅遊網住宿資料	
薇閣旅館	臺北旅遊網住宿資料	
太豪大飯店	臺北旅遊網住宿資料	
美代溫泉飯店	臺北旅遊網住宿資料	
洛碁三貝茲	臺北旅遊網住宿資料	
長榮桂冠酒店 (台北)	臺北旅遊網住宿資料	
函舍旅館	臺北旅遊網住宿資料	
大來商旅	臺北旅遊網住宿資料	
新仕商務旅店　　	臺北旅遊網住宿資料	
蒲園飯店	臺北旅遊網住宿資料	
和怡商務旅館	臺北旅遊網住宿資料	
柯達大飯店台北二店	臺北旅遊網住宿資料	
台北商旅（大安館）	臺北旅遊網住宿資料	
星美飯店	臺北旅遊網住宿資料	
大新飯店	臺北旅遊網住宿資料	
新月商旅	臺北旅遊網住宿資料	
新凱飯店	臺北旅遊網住宿資料	
葫蘆商旅	臺北旅遊網住宿資料	
乃晶旅社	臺北旅遊網住宿資料	
上華旅館	臺北旅遊網住宿資料	
京都商務旅館	臺北旅遊網住宿資料	
美上美旅館	臺北旅遊網住宿資料	
雲沐行旅	臺北旅遊網住宿資料	
旅居文旅-松山驛站	臺北旅遊網住宿資料	
貴都飯店	臺北旅遊網住宿資料	
香城大飯店松山分店	臺北旅遊網住宿資料	
丹迪旅店-大安森林公園店	臺北旅遊網住宿資料	
米窩飯店-中山	臺北旅遊網住宿資料	
燦路都飯店	臺北旅遊網住宿資料	
百悅旅社	臺北旅遊網住宿資料	
密都大飯店	臺北旅遊網住宿資料	
雲富大飯店	臺北旅遊網住宿資料	
麗都大飯店	臺北旅遊網住宿資料	
嘉賓閣旅館	臺北旅遊網住宿資料	
泉都溫泉會館	臺北旅遊網住宿資料	
友華賓館	臺北旅遊網住宿資料	
悠趣旅店	臺北旅遊網住宿資料	
小雅旅店	臺北旅遊網住宿資料	
台北遠東香格里拉	臺北旅遊網住宿資料	
雅莊旅館	臺北旅遊網住宿資料	
香榭峇里賓館	臺北旅遊網住宿資料	
丹迪旅店-天津店	臺北旅遊網住宿資料	
歐華酒店	臺北旅遊網住宿資料	
帥客旅店	臺北旅遊網住宿資料	
艾捷天麗大飯店	臺北旅遊網住宿資料	
旅居文旅-西門驛站	臺北旅遊網住宿資料	
明日大飯店	臺北旅遊網住宿資料	
皇后旅社	臺北旅遊網住宿資料	
仙渡莊旅社	臺北旅遊網住宿資料	
大地酒店	臺北旅遊網住宿資料	
客來思樂行旅	臺北旅遊網住宿資料	
緒遠旅館	臺北旅遊網住宿資料	
晶華酒店	臺北旅遊網住宿資料	
欣和大旅社	臺北旅遊網住宿資料	
台北君悅酒店	臺北旅遊網住宿資料	
長春精品旅館	臺北旅遊網住宿資料	
黛芬旅館	臺北旅遊網住宿資料	
上賓大飯店	臺北旅遊網住宿資料	
首都唯客樂飯店	臺北旅遊網住宿資料	
優美飯店	臺北旅遊網住宿資料	
新榮大旅社	臺北旅遊網住宿資料	
麗雅精品旅館	臺北旅遊網住宿資料	
香城大飯店	臺北旅遊網住宿資料	
君帥旅館	臺北旅遊網住宿資料	
春天酒店	臺北旅遊網住宿資料	
一加一旅館	臺北旅遊網住宿資料	
唐門客棧	臺北旅遊網住宿資料	
欣欣時尚旅店松山站	臺北旅遊網住宿資料	
台北星辰旅館	臺北旅遊網住宿資料	
富順大飯店	臺北旅遊網住宿資料	
囍閱文創旅店	臺北旅遊網住宿資料	
一等好旅店	臺北旅遊網住宿資料	
喬合大飯店	臺北旅遊網住宿資料	
瑞華旅社	臺北旅遊網住宿資料	
凱統大飯店	臺北旅遊網住宿資料	
多郎明哥旅館	臺北旅遊網住宿資料	
儷萊飯店(普亨萊大飯店)	臺北旅遊網住宿資料	
欣欣時尚旅店	臺北旅遊網住宿資料	
瑾旅南西	臺北旅遊網住宿資料	
台北馥敦飯店復南館	臺北旅遊網住宿資料	
儷萊旅館	臺北旅遊網住宿資料	
旅居文旅西門驛站昆明館	臺北旅遊網住宿資料	
悅來旅館	臺北旅遊網住宿資料	
北城大飯店	臺北旅遊網住宿資料	
千慧旅館	臺北旅遊網住宿資料	
鳳凰閣旅社	臺北旅遊網住宿資料	
福華大飯店	臺北旅遊網住宿資料	
洛碁大飯店新仕界	臺北旅遊網住宿資料	
老爺大酒店	臺北旅遊網住宿資料	
洛碁大飯店協美	臺北旅遊網住宿資料	
洛碁大飯店山水閣	臺北旅遊網住宿資料	
金財神旅館	臺北旅遊網住宿資料	
松林旅社	臺北旅遊網住宿資料	
洛碁大飯店花華分館	臺北旅遊網住宿資料	
承攜行旅台北台大館	臺北旅遊網住宿資料	
台北寒舍喜來登大飯店	臺北旅遊網住宿資料	
苓旅站前	臺北旅遊網住宿資料	
國聯大飯店	臺北旅遊網住宿資料	
豪爵旅館	臺北旅遊網住宿資料	
新驛旅店台北車站二館	臺北旅遊網住宿資料	
慕居行旅	臺北旅遊網住宿資料	
賓王大飯店	臺北旅遊網住宿資料	
亞都麗緻大飯店	臺北旅遊網住宿資料	
三德大飯店	臺北旅遊網住宿資料	
葳皇時尚飯店	臺北旅遊網住宿資料	
兄弟大飯店	臺北旅遊網住宿資料	
五月家青旅台大館	臺北旅遊網住宿資料	
帝華旅社	臺北旅遊網住宿資料	
華麗大飯店	臺北旅遊網住宿資料	
力歐時尚旅館	臺北旅遊網住宿資料	
立建賓館	臺北旅遊網住宿資料	
迪樂商旅	臺北旅遊網住宿資料	
北門文旅	臺北旅遊網住宿資料	
富玉莊旅社	臺北旅遊網住宿資料	
老爺商務會館	臺北旅遊網住宿資料	
建山大旅社	臺北旅遊網住宿資料	
吉緻行旅天津館	臺北旅遊網住宿資料	
漾館溫泉商旅	臺北旅遊網住宿資料	
獅城旅館	臺北旅遊網住宿資料	
華冠商旅HOTEL	臺北旅遊網住宿資料	
東京國際飯店	臺北旅遊網住宿資料	
紅菱閣賓館	臺北旅遊網住宿資料	
紫園旅社	臺北旅遊網住宿資料	
承攜行旅台北重慶館	臺北旅遊網住宿資料	
水都溫泉會館	臺北旅遊網住宿資料	
西門大飯店	臺北旅遊網住宿資料	
國際大旅館	臺北旅遊網住宿資料	
東姿商務旅館	臺北旅遊網住宿資料	
長虹大飯店	臺北旅遊網住宿資料	
真珠賓館	臺北旅遊網住宿資料	
富粧商務旅店	臺北旅遊網住宿資料	
東皇大飯店	臺北旅遊網住宿資料	
嘉榮旅社	臺北旅遊網住宿資料	
台北凱撒大飯店	臺北旅遊網住宿資料	
城美行旅	臺北旅遊網住宿資料	
柯達大飯店台北一店	臺北旅遊網住宿資料	
國王大飯店	臺北旅遊網住宿資料	
璞漣商務旅館臺北車站店	臺北旅遊網住宿資料	
豪景大酒店	臺北旅遊網住宿資料	
日光樂居 漢中館	臺北旅遊網住宿資料	
力歐時尚旅館西門館	臺北旅遊網住宿資料	
曲水會館	臺北旅遊網住宿資料	
內江賓?	臺北旅遊網住宿資料	
馥悅溫泉酒店	臺北旅遊網住宿資料	
背包棧旅店西門店	臺北旅遊網住宿資料	
景美大旅社	臺北旅遊網住宿資料	
第一大飯店	臺北旅遊網住宿資料	
南港安樂旅社	臺北旅遊網住宿資料	
東龍大飯店	臺北旅遊網住宿資料	
雀客藏居台北陽明山	臺北旅遊網住宿資料	
美觀園旅社	臺北旅遊網住宿資料	
華宮旅社	臺北旅遊網住宿資料	
夜光商旅	臺北旅遊網住宿資料	
梅樓商務驛站	臺北旅遊網住宿資料	
天成大飯店	臺北旅遊網住宿資料	
大榮大旅社	臺北旅遊網住宿資料	
台北碧瑤飯店	臺北旅遊網住宿資料	
古山園旅社	臺北旅遊網住宿資料	
皇家大飯店	臺北旅遊網住宿資料	
幸福大旅社	臺北旅遊網住宿資料	
新驛旅店	臺北旅遊網住宿資料	
圓山大飯店	臺北旅遊網住宿資料	
龍山旅社	臺北旅遊網住宿資料	
旅居文旅西門驛站昆明館	臺北市一般旅館名冊	
慕居行旅	臺北市一般旅館名冊	
承攜行旅台北八德館	臺北市一般旅館名冊	
丹迪旅店-大安森林公園店	臺北市一般旅館名冊	
雀客快捷台北車站	臺北市一般旅館名冊	
大來商旅	臺北市一般旅館名冊	
漾館溫泉商旅	臺北市一般旅館名冊	
和怡商務旅館	臺北市一般旅館名冊	
皇后旅社	臺北市一般旅館名冊	
華麗大飯店	臺北市一般旅館名冊	
新凱飯店	臺北市一般旅館名冊	
麗雅精品旅館	臺北市一般旅館名冊	
國際大旅館	臺北市一般旅館名冊	
米窩飯店-中山	臺北市一般旅館名冊	
麗都大飯店	臺北市一般旅館名冊	
黛芬旅館	臺北市一般旅館名冊	
首都唯客樂飯店	臺北市一般旅館名冊	
力歐時尚旅館	臺北市一般旅館名冊	
悅來旅館	臺北市一般旅館名冊	
金財神旅館	臺北市一般旅館名冊	
小雅旅店	臺北市一般旅館名冊	
艾捷天麗大飯店	臺北市一般旅館名冊	
迪樂商旅	臺北市一般旅館名冊	
紫園旅社	臺北市一般旅館名冊	
富粧商務旅店	臺北市一般旅館名冊	
長虹大飯店	臺北市一般旅館名冊	
東皇大飯店	臺北市一般旅館名冊	
梅樓商務驛站	臺北市一般旅館名冊	
旅居文旅-松山驛站	臺北市一般旅館名冊	
南港安樂旅社	臺北市一般旅館名冊	
凱統大飯店	臺北市一般旅館名冊	
薇閣旅館	臺北市一般旅館名冊	
華宮旅社	臺北市一般旅館名冊	
洛碁大飯店花華分館	臺北市一般旅館名冊	
京都商務旅館	臺北市一般旅館名冊	
美觀園旅社	臺北市一般旅館名冊	
北門文旅	臺北市一般旅館名冊	
台北商旅（大安館）	臺北市一般旅館名冊	
葳皇時尚飯店	臺北市一般旅館名冊	
一加一旅館	臺北市一般旅館名冊	
台北世聯商旅	臺北市一般旅館名冊	
帥客旅店	臺北市一般旅館名冊	
客來思樂行旅	臺北市一般旅館名冊	
承攜行旅台北台大館	臺北市一般旅館名冊	
米窩飯店-松山	臺北市一般旅館名冊	
台北碧瑤飯店	臺北市一般旅館名冊	
蒲園飯店	臺北市一般旅館名冊	
香城大飯店松山分店	臺北市一般旅館名冊	
家賓大旅社	臺北市一般旅館名冊	
景美大旅社	臺北市一般旅館名冊	
城美行旅	臺北市一般旅館名冊	
璞漣商務旅館西門店	臺北市一般旅館名冊	
大榮大旅社	臺北市一般旅館名冊	
雲沐行旅	臺北市一般旅館名冊	
嘉賓閣旅館	臺北市一般旅館名冊	
晶樺商務旅店	臺北市一般旅館名冊	
紅菱閣賓館	臺北市一般旅館名冊	
乃晶旅社	臺北市一般旅館名冊	
台北商旅慶城館	臺北市一般旅館名冊	
皇家大飯店	臺北市一般旅館名冊	
千慧旅館	臺北市一般旅館名冊	
柯達大飯店台北一店	臺北市一般旅館名冊	
富玉莊旅社	臺北市一般旅館名冊	
東姿商務旅館	臺北市一般旅館名冊	
東龍大飯店	臺北市一般旅館名冊	
日光樂居 漢中館	臺北市一般旅館名冊	
內江賓?	臺北市一般旅館名冊	
西門大飯店	臺北市一般旅館名冊	
泉都溫泉會館	臺北市一般旅館名冊	
洛碁大飯店山水閣	臺北市一般旅館名冊	
洛碁大飯店慶天閣	臺北市一般旅館名冊	
洛碁大飯店協美	臺北市一般旅館名冊	
老爺商務會館	臺北市一般旅館名冊	
友華賓館	臺北市一般旅館名冊	
享住旅店 Just Live Inn	臺北市一般旅館名冊	
香城大飯店	臺北市一般旅館名冊	
喬合大飯店	臺北市一般旅館名冊	
璞漣商務旅館臺北車站店	臺北市一般旅館名冊	
一等好旅店	臺北市一般旅館名冊	
承攜行旅台北重慶館	臺北市一般旅館名冊	
賓王大飯店	臺北市一般旅館名冊	
雲富大飯店	臺北市一般旅館名冊	
柯達大飯店台北二店	臺北市一般旅館名冊	
凱微精品旅館	臺北市一般旅館名冊	
五月家青旅台大館	臺北市一般旅館名冊	
欣和大旅社	臺北市一般旅館名冊	
幸福大旅社	臺北市一般旅館名冊	
夜光商旅	臺北市一般旅館名冊	
瑾旅南西	臺北市一般旅館名冊	
囍閱文創旅店	臺北市一般旅館名冊	
馥悅溫泉酒店	臺北市一般旅館名冊	
苓旅站前	臺北市一般旅館名冊	
欣欣時尚旅店松山站	臺北市一般旅館名冊	
宏洲旅社	臺北市一般旅館名冊	
欣欣時尚旅店	臺北市一般旅館名冊	
水都溫泉會館	臺北市一般旅館名冊	
台北國際飯店	臺北市一般旅館名冊	
長榮桂冠酒店 (台北)	臺北市一般旅館名冊	
瑞華旅社	臺北市一般旅館名冊	
樂爾公寓	臺北市一般旅館名冊	
台北馥敦飯店復南館	臺北市一般旅館名冊	
金弘旅社	臺北市一般旅館名冊	
大欣大飯店	臺北市一般旅館名冊	
新榮大旅社	臺北市一般旅館名冊	
旅居文旅中山館	臺北市一般旅館名冊	
吉緻行旅天津館	臺北市一般旅館名冊	
東京國際飯店	臺北市一般旅館名冊	
上賓大飯店	臺北市一般旅館名冊	
士林町旅店	臺北市一般旅館名冊	
帝華旅社	臺北市一般旅館名冊	
明日大飯店	臺北市一般旅館名冊	
立建賓館	臺北市一般旅館名冊	
華大HOTEL	臺北市一般旅館名冊	
新驛旅店	臺北市一般旅館名冊	
台北星辰旅館	臺北市一般旅館名冊	
華冠商旅HOTEL	臺北市一般旅館名冊	
嘉榮旅社	臺北市一般旅館名冊	
建山大旅社	臺北市一般旅館名冊	
新驛旅店台北車站二館	臺北市一般旅館名冊	
儷萊飯店(普亨萊大飯店)	臺北市一般旅館名冊	
台北馥敦飯店	臺北市一般旅館名冊	
仙渡莊旅社	臺北市一般旅館名冊	
美代溫泉飯店	臺北市一般旅館名冊	
儷萊旅館	臺北市一般旅館名冊	
真珠賓館	臺北市一般旅館名冊	
在家行旅 	臺北市一般旅館名冊	
葫蘆商旅	臺北市一般旅館名冊	
上華旅館	臺北市一般旅館名冊	
背包棧旅店西門店	臺北市一般旅館名冊	
松林旅社	臺北市一般旅館名冊	
龍山旅社	臺北市一般旅館名冊	
曲水會館	臺北市一般旅館名冊	
玩行旅 大安分館	臺北市一般旅館名冊	
美上美旅館	臺北市一般旅館名冊	
唐門客棧	臺北市一般旅館名冊	
水美溫泉會館	臺北市一般旅館名冊	
力歐時尚旅館西門館	臺北市一般旅館名冊	
古山園旅社	臺北市一般旅館名冊	
銀座飯店	臺北市一般旅館名冊	
星美飯店	臺北市一般旅館名冊	
瑪奇商務旅店	臺北市一般旅館名冊	
新仕商務旅店　　	臺北市一般旅館名冊	
富順大飯店	臺北市一般旅館名冊	
豪贊旅店	臺北市一般旅館名冊	
新月商旅	臺北市一般旅館名冊	
北城大飯店	臺北市一般旅館名冊	
洛碁大飯店新仕界	臺北市一般旅館名冊	
雅莊旅館	臺北市一般旅館名冊	
丹迪旅店-天津店	臺北市一般旅館名冊	
大新飯店	臺北市一般旅館名冊	
密都大飯店	臺北市一般旅館名冊	
麗之湯別館	臺北市一般旅館名冊	
鴨川旅館	臺北市一般旅館名冊	
山樂溫泉	臺北市一般旅館名冊	
山水樂會館	臺北市一般旅館名冊	
雅柏精緻旅館	臺北市一般旅館名冊	
燦路都飯店	臺北市一般旅館名冊	
瑞沂國際飯店	臺北市一般旅館名冊	
君帥旅館	臺北市一般旅館名冊	
函舍旅館	臺北市一般旅館名冊	
百悅旅社	臺北市一般旅館名冊	
長春精品旅館	臺北市一般旅館名冊	
緒遠旅館	臺北市一般旅館名冊	
貴族商務旅館	臺北市一般旅館名冊	
悠趣旅店	臺北市一般旅館名冊	
台北馥華商旅	臺北市一般旅館名冊	
城市商旅-台北南西館	臺北市一般旅館名冊	
芝山璞旅	臺北市一般旅館名冊	
香榭峇里賓館	臺北市一般旅館名冊	
晴悅旅店	臺北市一般旅館名冊	
春天酒店	臺北市一般旅館名冊	
高雅賓館	臺北市一般旅館名冊	
富園國際商務飯店	臺北市一般旅館名冊	
太平洋商旅	臺北市一般旅館名冊	
情覓汽車旅館 	臺北市一般旅館名冊	
百樂匯大飯店	臺北市一般旅館名冊	
印石時尚旅館	臺北市一般旅館名冊	
天閣酒店(台北林森)	臺北市一般旅館名冊	
喜瑞飯店	臺北市一般旅館名冊	
貴都飯店	臺北市一般旅館名冊	
鳳凰閣旅社	臺北市一般旅館名冊	
萬事達旅店(中華店)	臺北市一般旅館名冊	
皇家季節酒店1館	臺北市一般旅館名冊	
丹迪旅店-天母店	臺北市一般旅館名冊	
馥麗精品旅館	臺北市一般旅館名冊	
天閣酒店台北信義	臺北市一般旅館名冊	
伊倫商務旅館	臺北市一般旅館名冊	
茹曦酒店	臺北市一般旅館名冊	
太豪大飯店	臺北市一般旅館名冊	
香城大飯店豪悅分店	臺北市一般旅館名冊	
溫拿旅館	臺北市一般旅館名冊	
金來商旅	臺北市一般旅館名冊	
維多麗亞酒店	臺北市一般旅館名冊	
友徠精品旅館	臺北市一般旅館名冊	
寶格利時尚旅館	臺北市一般旅館名冊	
多郎明哥旅館	臺北市一般旅館名冊	
大地酒店	臺北市一般旅館名冊	
華弘怡亨酒店	臺北市一般旅館名冊	
台北青年國際旅館	臺北市一般旅館名冊	
三二行館	臺北市一般旅館名冊	
神旺商務酒店	臺北市一般旅館名冊	
宏都金殿大飯店	臺北市一般旅館名冊	
富逸旅趣-北車開封館	臺北市一般旅館名冊	
采舍精品旅館	臺北市一般旅館名冊	
東鑫商務旅館	臺北市一般旅館名冊	
小王子甜蜜旅店	臺北市一般旅館名冊	
柔美商旅	臺北市一般旅館名冊	
皇家季節酒店2館	臺北市一般旅館名冊	
新舍商旅-林森館	臺北市一般旅館名冊	
宜津美侖大飯店	臺北市一般旅館名冊	
璽愛旅店	臺北市一般旅館名冊	
薇閣精品旅館	臺北市一般旅館名冊	
正二旅館	臺北市一般旅館名冊	
同一大飯店	臺北市一般旅館名冊	
旅居文旅-西門驛站	臺北市一般旅館名冊	
沐蘭精品旅館	臺北市一般旅館名冊	
捷絲旅西門町店	臺北市一般旅館名冊	
探索汽車旅館南港館	臺北市一般旅館名冊	
家美瑞品 台北	臺北市一般旅館名冊	
臺北車站智選假日酒店	臺北市一般旅館名冊	
豪爵旅館	臺北市一般旅館名冊	
鼎正國際商務旅館	臺北市一般旅館名冊	
西門大飯店西寧館	臺北市一般旅館名冊	
雀客藏居台北南港	臺北市一般旅館名冊	
金都精緻溫泉飯店	臺北市一般旅館名冊	
新驛旅店台北車站三館	臺北市一般旅館名冊	
新驛旅店西門捷運店	臺北市一般旅館名冊	
立德北投溫泉飯店	臺北市一般旅館名冊	
雀客旅館台北信義	臺北市一般旅館名冊	
台北馥華商旅南港館	臺北市一般旅館名冊	
東門大旅社	臺北市一般旅館名冊	
天閣酒店(台北南西)	臺北市一般旅館名冊	
城市商旅南東館	臺北市一般旅館名冊	
雀客旅館台北內湖	臺北市一般旅館名冊	
洛碁大飯店林森館	臺北市一般旅館名冊	
探索汽車旅館延平館	臺北市一般旅館名冊	
意寬精品旅館 HOME HOTEL	臺北市一般旅館名冊	
柯達大飯店敦南店	臺北市一般旅館名冊	
二十輪旅店	臺北市一般旅館名冊	
富驛時尚酒店　	臺北市一般旅館名冊	
台北西門町意舍酒店	臺北市一般旅館名冊	
西門航棧旅館	臺北市一般旅館名冊	
香樹花園酒店	臺北市一般旅館名冊	
薆悅酒店	臺北市一般旅館名冊	
洛碁大飯店舞衣南京館	臺北市一般旅館名冊	
承攜行旅台北信義館	臺北市一般旅館名冊	
大倉久和大飯店	臺北市一般旅館名冊	
西門星辰精典大飯店	臺北市一般旅館名冊	
西門星辰大飯店	臺北市一般旅館名冊	
六福居	臺北市一般旅館名冊	
橙舍背包客國際青年旅館	臺北市一般旅館名冊	
洛碁大飯店建北館	臺北市一般旅館名冊	
尚印旅店	臺北市一般旅館名冊	
俞美飯店	臺北市一般旅館名冊	
長弘時尚旅店	臺北市一般旅館名冊	
西門邑居自由旅行會館	臺北市一般旅館名冊	
新麗旅店	臺北市一般旅館名冊	
東棧商務旅店	臺北市一般旅館名冊	
世方旅居文旅	臺北市一般旅館名冊	
北投天玥泉溫泉會館	臺北市一般旅館名冊	
WESTGATE HOTEL 永安棧	臺北市一般旅館名冊	
儷夏商旅	臺北市一般旅館名冊	
台糖台北會館	臺北市一般旅館名冊	
台北馥華商旅敦北館	臺北市一般旅館名冊	
福泰桔子商務旅館西門店	臺北市一般旅館名冊	
富裕自由商旅	臺北市一般旅館名冊	
天閣酒店(台北長安) 	臺北市一般旅館名冊	
東驛商務旅館	臺北市一般旅館名冊	
西悠巢旅台北館	臺北市一般旅館名冊	
柯達大飯店台北松江 	臺北市一般旅館名冊	
三隻老虎青年旅館	臺北市一般旅館名冊	
意芙旅店	臺北市一般旅館名冊	
老爺會館台北林森	臺北市一般旅館名冊	
大師會館國際酒店	臺北市一般旅館名冊	
和逸．台北民生館	臺北市一般旅館名冊	
謙商旅-東門館	臺北市一般旅館名冊	
華泰瑞舍	臺北市一般旅館名冊	
尚印旅店-二?	臺北市一般旅館名冊	
品格子旅店	臺北市一般旅館名冊	
路境行旅-府前館	臺北市一般旅館名冊	
和逸 台北忠孝館	臺北市一般旅館名冊	
皇家玫瑰旅館中山館	臺北市一般旅館名冊	
明星大飯店	臺北市一般旅館名冊	
橙舍青年旅館（臺北二館）	臺北市一般旅館名冊	
酩月大飯店	臺北市一般旅館名冊	
方舟旅店	臺北市一般旅館名冊	
丰居旅店雙連館	臺北市一般旅館名冊	
蜂巢 Bee House	臺北市一般旅館名冊	
旅樂序精品旅館	臺北市一般旅館名冊	
龍蝦先生的秘密巢穴	臺北市一般旅館名冊	
途中•台北國際青年旅舍	臺北市一般旅館名冊	
台北慕軒飯店，臻品之選	臺北市一般旅館名冊	
復新文旅 	臺北市一般旅館名冊	
洛碁大飯店中華館	臺北市一般旅館名冊	
台北漫步旅店	臺北市一般旅館名冊	
儷夏旅館-西寧館	臺北市一般旅館名冊	
皇家玫瑰旅館站前館	臺北市一般旅館名冊	
昌亞旅館	臺北市一般旅館名冊	
台北文華東方酒店	臺北市一般旅館名冊	
大地清旅	臺北市一般旅館名冊	
雀客旅館　	臺北市一般旅館名冊	
安庭澔思青年旅舍	臺北市一般旅館名冊	
卡樂町旅店	臺北市一般旅館名冊	
信星旅館	臺北市一般旅館名冊	
昇美精旅	臺北市一般旅館名冊	
千彩格精品旅店　	臺北市一般旅館名冊	
有誠商旅	臺北市一般旅館名冊	
拾光行旅	臺北市一般旅館名冊	
首都大飯店松山館	臺北市一般旅館名冊	
皇家玫瑰旅館西門館	臺北市一般旅館名冊	
洛碁大飯店驛	臺北市一般旅館名冊	
思泊客	臺北市一般旅館名冊	
誠品行旅	臺北市一般旅館名冊	
松哖酒店	臺北市一般旅館名冊	
台北西門窩青年旅館	臺北市一般旅館名冊	
凡登商旅●二館	臺北市一般旅館名冊	
沃田旅店	臺北市一般旅館名冊	
承攜行旅台北復北館	臺北市一般旅館名冊	
瘋台北青旅	臺北市一般旅館名冊	
豪景大酒店新館	臺北市一般旅館名冊	
天閣酒店台北復興	臺北市一般旅館名冊	
互舍商旅台北館	臺北市一般旅館名冊	
品格子旅店西門館	臺北市一般旅館名冊	
台北中山意舍酒店	臺北市一般旅館名冊	
小公館人文旅舍	臺北市一般旅館名冊	
?美精旅	臺北市一般旅館名冊	
綺樂文旅 康定館	臺北市一般旅館名冊	
北門臥客青年旅舍	臺北市一般旅館名冊	
新驛旅店復興北路店	臺北市一般旅館名冊	
朵兒旅館	臺北市一般旅館名冊	
東楓商旅	臺北市一般旅館名冊	
浩室物業1館	臺北市一般旅館名冊	
艾特文旅	臺北市一般旅館名冊	
賦樂旅居	臺北市一般旅館名冊	
清翼居旅店童話館	臺北市一般旅館名冊	
城市商旅德立莊分館	臺北市一般旅館名冊	
町記憶旅店	臺北市一般旅館名冊	
鉑泊客	臺北市一般旅館名冊	
約克旅店	臺北市一般旅館名冊	
台北發現青年旅舍	臺北市一般旅館名冊	
二十輪旅店大安店	臺北市一般旅館名冊	
福爾摩莎壹零壹旅館	臺北市一般旅館名冊	
台北六福萬怡酒店	臺北市一般旅館名冊	
番茄行旅	臺北市一般旅館名冊	
壹零壹艾美琪旅店	臺北市一般旅館名冊	
沃客商旅-西門館	臺北市一般旅館名冊	
甄美精品商旅	臺北市一般旅館名冊	
天使青旅	臺北市一般旅館名冊	
能量旅店	臺北市一般旅館名冊	
洛碁大飯店南京館	臺北市一般旅館名冊	
藝宿商旅	臺北市一般旅館名冊	
方舟旅店 長安復興	臺北市一般旅館名冊	
峻美精旅	臺北市一般旅館名冊	
天雲旅棧台北基河	臺北市一般旅館名冊	
台北天晴旅店	臺北市一般旅館名冊	
丰居旅店忠孝館	臺北市一般旅館名冊	
怡品商旅	臺北市一般旅館名冊	
姆提文創旅店	臺北市一般旅館名冊	
禾順行旅	臺北市一般旅館名冊	
清翼居旅店采風館	臺北市一般旅館名冊	
丰居旅店北車館	臺北市一般旅館名冊	
米尼旅店	臺北市一般旅館名冊	
寧夏2號旅店	臺北市一般旅館名冊	
台北松山意舍酒店	臺北市一般旅館名冊	
趣旅館•林森館	臺北市一般旅館名冊	
綺樂文旅 開封館	臺北市一般旅館名冊	
洛碁大飯店松山館	臺北市一般旅館名冊	
獅城旅館	臺北市一般旅館名冊	
日日吉旅店	臺北市一般旅館名冊	
路徒行旅-中華館	臺北市一般旅館名冊	
旅樂序精品旅館三館	臺北市一般旅館名冊	
漫旅時光	臺北市一般旅館名冊	
洛碁大飯店忠孝館	臺北市一般旅館名冊	
旅城驛鎮南京二館	臺北市一般旅館名冊	
背包棧旅店-台北長春店	臺北市一般旅館名冊	
台北北門窩泊旅	臺北市一般旅館名冊	
斯格加旅店	臺北市一般旅館名冊	
詩漫精品旅館	臺北市一般旅館名冊	
城市商旅昆明館（HOTEL PAPA WHALE）	臺北市一般旅館名冊	
碩美精品飯店	臺北市一般旅館名冊	
卡夫人背包客棧	臺北市一般旅館名冊	
禾裕 北車	臺北市一般旅館名冊	
大安公園旅店	臺北市一般旅館名冊	
帛堯初見輕旅	臺北市一般旅館名冊	
進綵商旅	臺北市一般旅館名冊	
在家行旅西門館	臺北市一般旅館名冊	
涪美飯店	臺北市一般旅館名冊	
台灣青旅	臺北市一般旅館名冊	
夾腳拖的家長安122	臺北市一般旅館名冊	
仲信大湖商旅	臺北市一般旅館名冊	
朗司旅館	臺北市一般旅館名冊	
皇后旅店二館	臺北市一般旅館名冊	
旅樂序精品旅館二館	臺北市一般旅館名冊	
東門3號膠囊旅店	臺北市一般旅館名冊	
台北北投雅樂軒酒店	臺北市一般旅館名冊	
柯達大飯店台北天津 	臺北市一般旅館名冊	
東驛 E-HOUSE	臺北市一般旅館名冊	
錦棧商旅	臺北市一般旅館名冊	
東旅	臺北市一般旅館名冊	
樂山水靜旅館 OrigInn	臺北市一般旅館名冊	
洛碁大飯店南港館	臺北市一般旅館名冊	
陽光士林珮柏旅館	臺北市一般旅館名冊	
侘侘行旅	臺北市一般旅館名冊	
愛玩客旅店	臺北市一般旅館名冊	
柯達大飯店 台北長安	臺北市一般旅館名冊	
尚美精旅	臺北市一般旅館名冊	
慕誠行旅	臺北市一般旅館名冊	
町記憶旅店2館	臺北市一般旅館名冊	
旅晨行旅	臺北市一般旅館名冊	
世民酒店台北北門	臺北市一般旅館名冊	
皇家玫瑰旅館 雙城館	臺北市一般旅館名冊	
美好行旅北車重慶館	臺北市一般旅館名冊	
亞太飯店 北投館	臺北市一般旅館名冊	
旅樂序精品旅館五館	臺北市一般旅館名冊	
凱達大飯店	臺北市一般旅館名冊	
台北臥客旅店	臺北市一般旅館名冊	
台灣柒天精品旅店	臺北市一般旅館名冊	
謙商旅(谷墨商旅-師大館)	臺北市一般旅館名冊	
台北這地方微旅店	臺北市一般旅館名冊	
阿樹國際旅店	臺北市一般旅館名冊	
文舺行旅	臺北市一般旅館名冊	
儷客旅店-站前店	臺北市一般旅館名冊	
富裕自由旅店林森館	臺北市一般旅館名冊	
南陽街壹號旅店	臺北市一般旅館名冊	
漫映旅舍	臺北市一般旅館名冊	
和昌商務旅館台北西門館	臺北市一般旅館名冊	
合星旅館	臺北市一般旅館名冊	
智慧環境會館-菁山遊憩區	臺北市一般旅館名冊	
城市商旅 北門館	臺北市一般旅館名冊	
慶爾喜旅館長沙一館	臺北市一般旅館名冊	
慶爾喜旅館長沙二館	臺北市一般旅館名冊	
泊居旅店	臺北市一般旅館名冊	
睡覺盒子旅館	臺北市一般旅館名冊	
台北五號商旅	臺北市一般旅館名冊	
謙匯普樂室行旅	臺北市一般旅館名冊	
木文陶喜時尚旅館	臺北市一般旅館名冊	
吉泰旅店	臺北市一般旅館名冊	
米窩飯店-大安	臺北市一般旅館名冊	
台北宿之酒店．臻品之選	臺北市一般旅館名冊	
苓旅松山小巨蛋館	臺北市一般旅館名冊	
福爾摩莎北驛旅館	臺北市一般旅館名冊	
果芒驛站旅店	臺北市一般旅館名冊	
台北士林萬麗酒店	臺北市一般旅館名冊	
天成文旅 華山町	臺北市一般旅館名冊	
城鄉旅坊台北	臺北市一般旅館名冊	
宜家居商旅	臺北市一般旅館名冊	
陽明山美國渡假村	臺北市一般旅館名冊	
五月家青旅 北車館	臺北市一般旅館名冊	
懷特豪斯青年旅舍	臺北市一般旅館名冊	
沃客汽車旅館	臺北市一般旅館名冊	
拉開門輕旅	臺北市一般旅館名冊	
正是旅館	臺北市一般旅館名冊	
九昱晴美 	臺北市一般旅館名冊	
皇家玫瑰旅館新生館	臺北市一般旅館名冊	
門埕青旅	臺北市一般旅館名冊	
漫步1948	臺北市一般旅館名冊	
台北國泰萬怡酒店 	臺北市一般旅館名冊	
凱旋酒店	臺北市一般旅館名冊	
天閣酒店台北劍潭	臺北市一般旅館名冊	
台北中山九昱希爾頓逸林酒店	臺北市一般旅館名冊	
艾爾行旅	臺北市一般旅館名冊	
美侖商旅	臺北市一般旅館名冊	
雅璞文旅	臺北市一般旅館名冊	
109 Inn Taipei 台北109旅店	臺北市一般旅館名冊	
幸福蘋果旅店	臺北市一般旅館名冊	
松河璞旅	臺北市一般旅館名冊	
金普頓大安酒店	臺北市一般旅館名冊	
碩城文旅	臺北市一般旅館名冊	
南港老爺行旅	臺北市一般旅館名冊	
玩行旅 台北館	臺北市一般旅館名冊	
野趣旅舍 T.O.HOTEL	臺北市一般旅館名冊	
門草行旅	臺北市一般旅館名冊	
小角落旅店	臺北市一般旅館名冊	
丹居青旅	臺北市一般旅館名冊	
甲山林湯旅JSL hotel	臺北市一般旅館名冊	
日光拾玖	臺北市一般旅館名冊	
洛碁三貝茲	臺北市一般旅館名冊	
城市商旅站前館	臺北市一般旅館名冊	
華達大飯店 	臺北市一般旅館名冊	
豪城商旅民生館	臺北市一般旅館名冊	
天雲旅棧台北中山	臺北市一般旅館名冊	
MVSA 慕舍酒店	臺北市一般旅館名冊	
瀚寓酒店	臺北市一般旅館名冊	
台北大直英迪格酒店	臺北市一般旅館名冊	
配普特行旅	臺北市一般旅館名冊	
町記憶旅店3館	臺北市一般旅館名冊	
苓旅旅館中山館	臺北市一般旅館名冊	
和旅瓏旅館西門館	臺北市一般旅館名冊	
野趣光延旅館	臺北市一般旅館名冊	
藝築文旅開封館	臺北市一般旅館名冊	
日好青旅	臺北市一般旅館名冊	
盤古捷旅	臺北市一般旅館名冊	
天閣酒店台北士林	臺北市一般旅館名冊	
美亞商旅	臺北市一般旅館名冊	
和苑三井花園飯店  台北忠孝	臺北市一般旅館名冊	
所在行旅	臺北市一般旅館名冊	
旅家雅舍	臺北市一般旅館名冊	
路徒PLUS行旅-主題館	臺北市一般旅館名冊	
台北時代寓所	臺北市一般旅館名冊	
白色空間設計旅店	臺北市一般旅館名冊	
雀客旅館台北站前	臺北市一般旅館名冊	
玉璽精品飯店	臺北市一般旅館名冊	
大湖璞旅	臺北市一般旅館名冊	
瑞絲逸旅店	臺北市一般旅館名冊	
旅城驛鎮	臺北市一般旅館名冊	
柯達大飯店台北林森	臺北市一般旅館名冊	
森浩文旅-STEP INN	臺北市一般旅館名冊	
趣西門旅店	臺北市一般旅館名冊	
慶爾喜旅館	臺北市一般旅館名冊	
悅心旅	臺北市一般旅館名冊	
路徒PLUS行旅-站前館 	臺北市一般旅館名冊	
米窩飯店-西門	臺北市一般旅館名冊	
藝築文旅台北站前館	臺北市一般旅館名冊	
格拉斯麗台北飯店	臺北市一般旅館名冊	
見潭璞旅	臺北市一般旅館名冊	
時尚居商旅	臺北市一般旅館名冊	
雅齊旅館	臺北市一般旅館名冊	
城市商旅德立莊二館	臺北市一般旅館名冊	
日野苑	臺北市一般旅館名冊	
寒居酒店 Humble Boutique Hotel	臺北市一般旅館名冊	
星西門行旅	臺北市一般旅館名冊	
陸號行旅萬年館	臺北市一般旅館名冊	
北投會館-北捷行旅	臺北市一般旅館名冊	
喜園旅館	臺北市一般旅館名冊	
安捷國際公寓酒店	臺北市一般旅館名冊	
城市商旅北門二館	臺北市一般旅館名冊	
西門希爾商旅	臺北市一般旅館名冊	
米窩飯店-站前	臺北市一般旅館名冊	
雀客快捷台北永康	臺北市一般旅館名冊	
希爾商旅台北館	臺北市一般旅館名冊	
陸號行旅中華館	臺北市一般旅館名冊	
苓旅旅館萬年館	臺北市一般旅館名冊	
葛瑞絲商旅敦北館 	臺北市一般旅館名冊	
珂曼旅館	臺北市一般旅館名冊	
台北棧	臺北市一般旅館名冊	
天母之星商務會館	臺北市一般旅館名冊	
慶爾喜旅館西門捷運館	臺北市一般旅館名冊	
陸號行旅西門館	臺北市一般旅館名冊	
全界精品旅館	臺北市一般旅館名冊	
摩莎曼拉商務旅館-西門館	臺北市一般旅館名冊	
成都壹壹壹商旅	臺北市一般旅館名冊	
優美飯店	臺北市一般旅館名冊	
台灣西鐵國際旅館	臺北市一般旅館名冊	
西門雲町旅店	臺北市一般旅館名冊	
福華國際文教會館	臺北市一般旅館名冊	
聖雄商旅	臺北市一般旅館名冊	
柯達大飯店台北南京	臺北市一般旅館名冊	
晶城青年旅館	臺北市一般旅館名冊	
相鐵飯店台北西門	臺北市一般旅館名冊	
客憩旅宿	臺北市一般旅館名冊	
日光樂居	臺北市一般旅館名冊	
瀚寓夏天	臺北市一般旅館名冊	
福泰桔子商務旅館西門漢中店	臺北市一般旅館名冊	
美好境界旅店	臺北市一般旅館名冊	
歐法行旅	臺北市一般旅館名冊	
豐宿創新壹旅	臺北市一般旅館名冊	
藝築文旅昆明館	臺北市一般旅館名冊	
日初青旅	臺北市一般旅館名冊	
金通商旅	臺北市一般旅館名冊	
美好行旅	臺北市一般旅館名冊	
台北大安伊普索酒店	臺北市一般旅館名冊	
梧邸酒店台北杭州	臺北市一般旅館名冊	
頭等艙飯店西門館	臺北市一般旅館名冊	
日光樂居成都館	臺北市一般旅館名冊	
大光瀛商旅	臺北市一般旅館名冊	
享住青旅	臺北市一般旅館名冊	
北投晶泉丰旅	臺北市一般旅館名冊	
貓尾口袋（西門館）	臺北市一般旅館名冊	
天雲旅棧台北開封	臺北市一般旅館名冊	
捷絲旅臺大尊賢館	臺北市一般旅館名冊	
臺北嘉佩樂酒店 Capella Taipei	臺北市一般旅館名冊	
古奈堡精品旅館	臺北市一般旅館名冊	
美好行旅北車漢口館	臺北市一般旅館名冊	
太子文旅-修齊館	臺北市一般旅館名冊	
鉑泊客2館	臺北市一般旅館名冊	
雀客藏居台北內湖	臺北市一般旅館名冊	
在家行旅南西館	臺北市一般旅館名冊	
合洋背包客棧	臺北市一般旅館名冊	
茶色部屋行旅 站前館	臺北市一般旅館名冊	
晶棧行旅	臺北市一般旅館名冊	
?朗旅宿	臺北市一般旅館名冊	
漫步綠洲旅店	臺北市一般旅館名冊	
